{
  "format_version": "0.2",
  "frame_length": 19,
  "parts": [
    {
      "name": "camera",
      "keyframes": {
        "0": {
          "translate": [
            0.497,
            1.959,
            -0.0
          ],
          "rotate": [
            0.0,
            -0.0,
            0.01187
          ]
        },
        "1": {
          "translate": [
            0.526,
            1.662,
            -0.0
          ],
          "rotate": [
            0.0,
            -0.0,
            0.01235
          ]
        },
        "2": {
          "translate": [
            0.497,
            0.954,
            -0.0
          ],
          "rotate": [
            0.0,
            -0.0,
            0.01171
          ]
        },
        "3": {
          "translate": [
            0.418,
            0.108,
            -0.0
          ],
          "rotate": [
            0.0,
            -0.0,
            0.00996
          ]
        },
        "4": {
          "translate": [
            0.301,
            -0.6,
            -0.0
          ],
          "rotate": [
            0.0,
            -0.0,
            0.00734
          ]
        },
        "5": {
          "translate": [
            0.159,
            -0.897,
            -0.0
          ],
          "rotate": [
            0.0,
            -0.0,
            0.00411
          ]
        },
        "6": {
          "translate": [
            0.005,
            -0.6,
            -0.0
          ],
          "rotate": [
            0.0,
            -0.0,
            0.00052
          ]
        },
        "7": {
          "translate": [
            -0.15,
            0.108,
            -0.0
          ],
          "rotate": [
            0.0,
            -0.0,
            -0.00307
          ]
        },
        "8": {
          "translate": [
            -0.292,
            0.954,
            -0.0
          ],
          "rotate": [
            0.0,
            -0.0,
            -0.00631
          ]
        },
        "9": {
          "translate": [
            -0.408,
            1.662,
            -0.0
          ],
          "rotate": [
            0.0,
            -0.0,
            -0.00892
          ]
        },
        "10": {
          "translate": [
            -0.488,
            1.959,
            -0.0
          ],
          "rotate": [
            0.0,
            -0.0,
            -0.01068
          ]
        },
        "11": {
          "translate": [
            -0.517,
            1.662,
            -0.0
          ],
          "rotate": [
            0.0,
            -0.0,
            -0.01132
          ]
        },
        "12": {
          "translate": [
            -0.488,
            0.954,
            -0.0
          ],
          "rotate": [
            0.0,
            -0.0,
            -0.01083
          ]
        },
        "13": {
          "translate": [
            -0.408,
            0.108,
            -0.0
          ],
          "rotate": [
            0.0,
            -0.0,
            -0.00938
          ]
        },
        "14": {
          "translate": [
            -0.292,
            -0.6,
            -0.0
          ],
          "rotate": [
            0.0,
            -0.0,
            -0.00699
          ]
        },
        "15": {
          "translate": [
            -0.15,
            -0.897,
            -0.0
          ],
          "rotate": [
            0.0,
            -0.0,
            -0.00368
          ]
        },
        "16": {
          "translate": [
            0.005,
            -0.6,
            -0.0
          ],
          "rotate": [
            0.0,
            -0.0,
            0.00052
          ]
        },
        "17": {
          "translate": [
            0.159,
            0.108,
            -0.0
          ],
          "rotate": [
            0.0,
            -0.0,
            0.00472
          ]
        },
        "18": {
          "translate": [
            0.301,
            0.954,
            -0.0
          ],
          "rotate": [
            0.0,
            -0.0,
            0.00802
          ]
        },
        "19": {
          "translate": [
            0.418,
            1.662,
            -0.0
          ],
          "rotate": [
            0.0,
            -0.0,
            0.01041
          ]
        }
      }
    }
  ]
}