{
  "format_version": "0.2",
  "frame_length": 30,
  "parts": [
    {
      "name": "camera",
      "keyframes": {
        "0": {
          "translate": [
            0.0,
            0.08,
            -0.0
          ],
          "rotate": [
            0.0,
            -0.0,
            -0.0
          ]
        },
        "1": {
          "translate": [
            0.0,
            0.119,
            0.0
          ],
          "rotate": [
            0.00353,
            -0.0,
            -0.0
          ]
        },
        "2": {
          "translate": [
            0.0,
            0.18,
            0.0
          ],
          "rotate": [
            0.01129,
            -0.0,
            -0.0
          ]
        },
        "3": {
          "translate": [
            0.0,
            0.18,
            0.0
          ],
          "rotate": [
            0.01905,
            -0.0,
            -0.0
          ]
        },
        "4": {
          "translate": [
            0.0,
            0.132,
            0.0
          ],
          "rotate": [
            0.02257,
            -0.0,
            -0.0
          ]
        },
        "5": {
          "translate": [
            0.0,
            0.103,
            0.0
          ],
          "rotate": [
            0.02022,
            -0.0,
            -0.0
          ]
        },
        "6": {
          "translate": [
            0.0,
            0.088,
            0.0
          ],
          "rotate": [
            0.01463,
            -0.0,
            -0.0
          ]
        },
        "7": {
          "translate": [
            0.0,
            0.081,
            0.0
          ],
          "rotate": [
            0.00795,
            -0.0,
            -0.0
          ]
        },
        "8": {
          "translate": [
            0.0,
            0.08,
            0.0
          ],
          "rotate": [
            0.00235,
            -0.0,
            -0.0
          ]
        },
        "9": {
          "translate": [
            0.0,
            0.08,
            -0.0
          ],
          "rotate": [
            0.0,
            -0.0,
            -0.0
          ]
        },
        "10": {
          "translate": [
            0.0,
            0.08,
            -0.0
          ],
          "rotate": [
            0.0,
            -0.0,
            -0.0
          ]
        },
        "11": {
          "translate": [
            0.0,
            0.08,
            -0.0
          ],
          "rotate": [
            0.0,
            -0.0,
            -0.0
          ]
        },
        "12": {
          "translate": [
            0.0,
            0.08,
            -0.0
          ],
          "rotate": [
            0.0,
            -0.0,
            -0.0
          ]
        },
        "13": {
          "translate": [
            0.0,
            0.08,
            -0.0
          ],
          "rotate": [
            0.0,
            -0.0,
            -0.0
          ]
        },
        "14": {
          "translate": [
            0.0,
            0.08,
            -0.0
          ],
          "rotate": [
            0.0,
            -0.0,
            -0.0
          ]
        },
        "15": {
          "translate": [
            0.0,
            0.08,
            -0.0
          ],
          "rotate": [
            0.0,
            -0.0,
            -0.0
          ]
        },
        "16": {
          "translate": [
            0.0,
            0.08,
            -0.0
          ],
          "rotate": [
            0.0,
            -0.0,
            -0.0
          ]
        },
        "17": {
          "translate": [
            0.0,
            0.08,
            -0.0
          ],
          "rotate": [
            0.0,
            -0.0,
            -0.0
          ]
        },
        "18": {
          "translate": [
            0.0,
            0.08,
            -0.0
          ],
          "rotate": [
            0.0,
            -0.0,
            -0.0
          ]
        },
        "19": {
          "translate": [
            0.0,
            0.08,
            -0.0
          ],
          "rotate": [
            0.0,
            -0.0,
            -0.0
          ]
        },
        "20": {
          "translate": [
            0.0,
            0.08,
            -0.0
          ],
          "rotate": [
            0.0,
            -0.0,
            -0.0
          ]
        },
        "21": {
          "translate": [
            0.0,
            0.433,
            0.0
          ],
          "rotate": [
            0.01415,
            -0.0,
            -0.0
          ]
        },
        "22": {
          "translate": [
            0.0,
            0.785,
            0.0
          ],
          "rotate": [
            0.02831,
            -0.0,
            -0.0
          ]
        },
        "23": {
          "translate": [
            0.0,
            0.529,
            0.0
          ],
          "rotate": [
            0.01802,
            -0.0,
            -0.0
          ]
        },
        "24": {
          "translate": [
            0.0,
            0.19,
            0.0
          ],
          "rotate": [
            0.00442,
            -0.0,
            -0.0
          ]
        },
        "25": {
          "translate": [
            0.0,
            0.094,
            0.0
          ],
          "rotate": [
            0.00055,
            0.0,
            0.0
          ]
        },
        "26": {
          "translate": [
            0.0,
            0.08,
            -0.0
          ],
          "rotate": [
            0.0,
            -0.0,
            -0.0
          ]
        },
        "27": {
          "translate": [
            0.0,
            0.08,
            -0.0
          ],
          "rotate": [
            0.0,
            -0.0,
            -0.0
          ]
        },
        "28": {
          "translate": [
            0.0,
            0.08,
            -0.0
          ],
          "rotate": [
            0.0,
            -0.0,
            -0.0
          ]
        },
        "29": {
          "translate": [
            0.0,
            0.08,
            -0.0
          ],
          "rotate": [
            0.0,
            -0.0,
            -0.0
          ]
        },
        "30": {
          "translate": [
            0.0,
            0.08,
            -0.0
          ],
          "rotate": [
            0.0,
            -0.0,
            -0.0
          ]
        }
      }
    }
  ]
}