{
  "format_version": "0.2",
  "frame_length": 40,
  "parts": [
    {
      "name": "camera",
      "keyframes": {
        "0": {
          "translate": [
            0.0,
            0.08,
            -0.0
          ],
          "rotate": [
            -7e-05,
            0.00574,
            -0.01265
          ]
        },
        "1": {
          "translate": [
            0.0,
            0.08,
            -0.0
          ],
          "rotate": [
            -2e-05,
            0.00803,
            -0.01137
          ]
        },
        "2": {
          "translate": [
            0.0,
            0.08,
            0.0
          ],
          "rotate": [
            9e-05,
            0.00996,
            -0.00977
          ]
        },
        "3": {
          "translate": [
            0.0,
            0.08,
            0.0
          ],
          "rotate": [
            0.00019,
            0.01155,
            -0.00784
          ]
        },
        "4": {
          "translate": [
            0.0,
            0.08,
            0.0
          ],
          "rotate": [
            0.00024,
            0.01281,
            -0.00558
          ]
        },
        "5": {
          "translate": [
            0.0,
            0.08,
            0.0
          ],
          "rotate": [
            0.00024,
            0.01377,
            -0.00296
          ]
        },
        "6": {
          "translate": [
            -0.0,
            0.08,
            0.0
          ],
          "rotate": [
            0.00021,
            0.01443,
            1e-05
          ]
        },
        "7": {
          "translate": [
            -0.0,
            0.08,
            0.0
          ],
          "rotate": [
            0.00016,
            0.01481,
            0.00298
          ]
        },
        "8": {
          "translate": [
            -0.0,
            0.08,
            0.0
          ],
          "rotate": [
            9e-05,
            0.01493,
            0.00559
          ]
        },
        "9": {
          "translate": [
            -0.0,
            0.08,
            0.0
          ],
          "rotate": [
            1e-05,
            0.01481,
            0.00785
          ]
        },
        "10": {
          "translate": [
            -0.0,
            0.08,
            -0.0
          ],
          "rotate": [
            -6e-05,
            0.01443,
            0.00978
          ]
        },
        "11": {
          "translate": [
            -0.0,
            0.08,
            -0.0
          ],
          "rotate": [
            -0.00011,
            0.01377,
            0.01138
          ]
        },
        "12": {
          "translate": [
            -0.0,
            0.08,
            -0.0
          ],
          "rotate": [
            -0.00013,
            0.01282,
            0.01266
          ]
        },
        "13": {
          "translate": [
            -0.0,
            0.08,
            -0.0
          ],
          "rotate": [
            -0.00011,
            0.01155,
            0.01364
          ]
        },
        "14": {
          "translate": [
            -0.0,
            0.08,
            -0.0
          ],
          "rotate": [
            -6e-05,
            0.00996,
            0.01432
          ]
        },
        "15": {
          "translate": [
            -0.0,
            0.08,
            0.0
          ],
          "rotate": [
            1e-05,
            0.00803,
            0.01473
          ]
        },
        "16": {
          "translate": [
            -0.0,
            0.08,
            0.0
          ],
          "rotate": [
            9e-05,
            0.00574,
            0.01486
          ]
        },
        "17": {
          "translate": [
            -0.0,
            0.08,
            0.0
          ],
          "rotate": [
            0.00016,
            0.00307,
            0.01473
          ]
        },
        "18": {
          "translate": [
            -0.0,
            0.08,
            0.0
          ],
          "rotate": [
            0.00021,
            0.0,
            0.01432
          ]
        },
        "19": {
          "translate": [
            -0.0,
            0.08,
            0.0
          ],
          "rotate": [
            0.00024,
            -0.00306,
            0.01364
          ]
        },
        "20": {
          "translate": [
            -0.0,
            0.08,
            0.0
          ],
          "rotate": [
            0.00024,
            -0.00573,
            0.01266
          ]
        },
        "21": {
          "translate": [
            -0.0,
            0.08,
            0.0
          ],
          "rotate": [
            0.00019,
            -0.00802,
            0.01138
          ]
        },
        "22": {
          "translate": [
            -0.0,
            0.08,
            0.0
          ],
          "rotate": [
            9e-05,
            -0.00995,
            0.00978
          ]
        },
        "23": {
          "translate": [
            -0.0,
            0.08,
            -0.0
          ],
          "rotate": [
            -1e-05,
            -0.01154,
            0.00785
          ]
        },
        "24": {
          "translate": [
            -0.0,
            0.08,
            -0.0
          ],
          "rotate": [
            -7e-05,
            -0.0128,
            0.00559
          ]
        },
        "25": {
          "translate": [
            -0.0,
            0.08,
            -0.0
          ],
          "rotate": [
            -9e-05,
            -0.01376,
            0.00298
          ]
        },
        "26": {
          "translate": [
            -0.0,
            0.08,
            -0.0
          ],
          "rotate": [
            -7e-05,
            -0.01442,
            1e-05
          ]
        },
        "27": {
          "translate": [
            0.0,
            0.08,
            -0.0
          ],
          "rotate": [
            -3e-05,
            -0.0148,
            -0.00297
          ]
        },
        "28": {
          "translate": [
            0.0,
            0.08,
            0.0
          ],
          "rotate": [
            2e-05,
            -0.01493,
            -0.00558
          ]
        },
        "29": {
          "translate": [
            0.0,
            0.08,
            0.0
          ],
          "rotate": [
            8e-05,
            -0.0148,
            -0.00784
          ]
        },
        "30": {
          "translate": [
            0.0,
            0.08,
            0.0
          ],
          "rotate": [
            0.00012,
            -0.01442,
            -0.00977
          ]
        },
        "31": {
          "translate": [
            0.0,
            0.08,
            0.0
          ],
          "rotate": [
            0.00015,
            -0.01376,
            -0.01137
          ]
        },
        "32": {
          "translate": [
            0.0,
            0.08,
            0.0
          ],
          "rotate": [
            0.00017,
            -0.0128,
            -0.01265
          ]
        },
        "33": {
          "translate": [
            0.0,
            0.08,
            0.0
          ],
          "rotate": [
            0.00015,
            -0.01154,
            -0.01363
          ]
        },
        "34": {
          "translate": [
            0.0,
            0.08,
            0.0
          ],
          "rotate": [
            0.00012,
            -0.00995,
            -0.01431
          ]
        },
        "35": {
          "translate": [
            0.0,
            0.08,
            0.0
          ],
          "rotate": [
            8e-05,
            -0.00802,
            -0.01471
          ]
        },
        "36": {
          "translate": [
            0.0,
            0.08,
            0.0
          ],
          "rotate": [
            3e-05,
            -0.00573,
            -0.01485
          ]
        },