{
  "format_version": "0.2",
  "frame_length": 25,
  "parts": [
    {
      "name": "camera",
      "keyframes": {
        "0": {
          "translate": [
            0.0,
            0.0,
            -0.0
          ],
          "rotate": [
            0.0,
            -0.0,
            -0.0
          ]
        },
        "1": {
          "translate": [
            -0.029,
            -0.061,
            -0.075
          ],
          "rotate": [
            -0.00862,
            0.01163,
            0.00093
          ]
        },
        "2": {
          "translate": [
            -0.031,
            0.154,
            -0.076
          ],
          "rotate": [
            0.00372,
            0.01157,
            -0.00783
          ]
        },
        "3": {
          "translate": [
            -0.031,
            0.368,
            -0.076
          ],
          "rotate": [
            0.01607,
            0.01127,
            -0.01661
          ]
        },
        "4": {
          "translate": [
            -0.031,
            0.332,
            -0.071
          ],
          "rotate": [
            0.01253,
            0.00908,
            -0.01422
          ]
        },
        "5": {
          "translate": [
            -0.031,
            0.248,
            -0.057
          ],
          "rotate": [
            0.00471,
            0.00552,
            -0.00888
          ]
        },
        "6": {
          "translate": [
            -0.03,
            0.155,
            -0.041
          ],
          "rotate": [
            -0.00315,
            0.0022,
            -0.00339
          ]
        },
        "7": {
          "translate": [
            -0.028,
            0.088,
            -0.028
          ],
          "rotate": [
            -0.00673,
            0.00056,
            -0.00065
          ]
        },
        "8": {
          "translate": [
            -0.024,
            0.053,
            -0.02
          ],
          "rotate": [
            -0.00603,
            0.00029,
            -0.00033
          ]
        },
        "9": {
          "translate": [
            -0.016,
            0.028,
            -0.012
          ],
          "rotate": [
            -0.00436,
            0.00012,
            -0.00014
          ]
        },
        "10": {
          "translate": [
            -0.009,
            0.011,
            -0.006
          ],
          "rotate": [
            -0.00237,
            4e-05,
            -4e-05
          ]
        },
        "11": {
          "translate": [
            -0.003,
            0.003,
            -0.002
          ],
          "rotate": [
            -0.0007,
            0.0,
            -1e-05
          ]
        },
        "12": {
          "translate": [
            0.0,
            0.0,
            -0.0
          ],
          "rotate": [
            0.0,
            -0.0,
            -0.0
          ]
        },
        "13": {
          "translate": [
            0.0,
            0.0,
            -0.0
          ],
          "rotate": [
            0.0,
            -0.0,
            -0.0
          ]
        },
        "14": {
          "translate": [
            0.0,
            0.0,
            -0.0
          ],
          "rotate": [
            0.0,
            -0.0,
            -0.0
          ]
        },
        "15": {
          "translate": [
            0.0,
            0.0,
            -0.0
          ],
          "rotate": [
            0.0,
            -0.0,
            -0.0
          ]
        },
        "16": {
          "translate": [
            0.0,
            0.0,
            -0.0
          ],
          "rotate": [
            0.0,
            -0.0,
            -0.0
          ]
        },
        "17": {
          "translate": [
            0.0,
            0.0,
            -0.0
          ],
          "rotate": [
            0.0,
            -0.0,
            -0.0
          ]
        },
        "18": {
          "translate": [
            0.0,
            0.0,
            -0.0
          ],
          "rotate": [
            0.0,
            -0.0,
            -0.0
          ]
        },
        "19": {
          "translate": [
            0.0,
            0.0,
            -0.0
          ],
          "rotate": [
            0.0,
            -0.0,
            -0.0
          ]
        },
        "20": {
          "translate": [
            0.0,
            0.0,
            -0.0
          ],
          "rotate": [
            0.0,
            -0.0,
            -0.0
          ]
        },
        "21": {
          "translate": [
            0.0,
            0.0,
            -0.0
          ],
          "rotate": [
            0.0,
            -0.0,
            -0.0
          ]
        },
        "22": {
          "translate": [
            0.0,
            0.0,
            -0.0
          ],
          "rotate": [
            0.0,
            -0.0,
            -0.0
          ]
        },
        "23": {
          "translate": [
            0.0,
            0.0,
            -0.0
          ],
          "rotate": [
            0.0,
            -0.0,
            -0.0
          ]
        },
        "24": {
          "translate": [
            0.0,
            0.0,
            -0.0
          ],
          "rotate": [
            0.0,
            -0.0,
            -0.0
          ]
        },
        "25": {
          "translate": [
            0.0,
            0.0,
            -0.0
          ],
          "rotate": [
            0.0,
            -0.0,
            -0.0
          ]
        }
      }
    }
  ]
}