{
  "format_version": "0.2",
  "frame_length": 20,
  "parts": [
    {
      "name": "camera",
      "keyframes": {
        "0": {
          "translate": [
            0.0,
            0.0,
            -0.0
          ],
          "rotate": [
            0.0,
            -0.0,
            -0.0
          ]
        },
        "1": {
          "translate": [
            -0.0,
            0.092,
            0.036
          ],
          "rotate": [
            0.00227,
            -0.0,
            0.0001
          ]
        },
        "2": {
          "translate": [
            -0.0,
            0.183,
            0.11
          ],
          "rotate": [
            0.00581,
            -0.0,
            0.00043
          ]
        },
        "3": {
          "translate": [
            -0.0,
            0.162,
            0.171
          ],
          "rotate": [
            0.00571,
            -1e-05,
            0.00106
          ]
        },
        "4": {
          "translate": [
            -0.0,
            0.114,
            0.205
          ],
          "rotate": [
            0.003,
            -1e-05,
            0.00202
          ]
        },
        "5": {
          "translate": [
            -0.0,
            0.066,
            0.218
          ],
          "rotate": [
            0.00139,
            -0.0,
            0.00332
          ]
        },
        "6": {
          "translate": [
            -0.0,
            0.045,
            0.219
          ],
          "rotate": [
            0.0,
            -0.0,
            0.00519
          ]
        },
        "7": {
          "translate": [
            -0.0,
            0.045,
            0.167
          ],
          "rotate": [
            -0.00147,
            1e-05,
            0.00807
          ]
        },
        "8": {
          "translate": [
            -0.0,
            0.045,
            0.004
          ],
          "rotate": [
            -0.00215,
            3e-05,
            0.01276
          ]
        },
        "9": {
          "translate": [
            -0.0,
            0.076,
            -0.085
          ],
          "rotate": [
            0.00086,
            -2e-05,
            0.01963
          ]
        },
        "10": {
          "translate": [
            -0.0,
            0.107,
            -0.038
          ],
          "rotate": [
            0.00386,
            -7e-05,
            0.01884
          ]
        },
        "11": {
          "translate": [
            -0.0,
            0.091,
            0.067
          ],
          "rotate": [
            0.00286,
            -3e-05,
            0.01128
          ]
        },
        "12": {
          "translate": [
            -0.0,
            0.061,
            0.172
          ],
          "rotate": [
            0.001,
            -1e-05,
            0.00812
          ]
        },
        "13": {
          "translate": [
            -0.0,
            0.045,
            0.219
          ],
          "rotate": [
            0.0,
            -0.0,
            0.00864
          ]
        },
        "14": {
          "translate": [
            -0.0,
            0.045,
            0.219
          ],
          "rotate": [
            0.0,
            -0.0,
            0.00864
          ]
        },
        "15": {
          "translate": [
            -0.0,
            0.045,
            0.219
          ],
          "rotate": [
            0.0,
            -0.0,
            0.00864
          ]
        },
        "16": {
          "translate": [
            -0.0,
            0.045,
            0.219
          ],
          "rotate": [
            0.0,
            -0.0,
            0.00864
          ]
        },
        "17": {
          "translate": [
            -0.0,
            0.045,
            0.219
          ],
          "rotate": [
            0.0,
            -0.0,
            0.00864
          ]
        },
        "18": {
          "translate": [
            -0.0,
            0.045,
            0.219
          ],
          "rotate": [
            0.0,
            -0.0,
            0.00864
          ]
        },
        "19": {
          "translate": [
            -0.0,
            0.045,
            0.219
          ],
          "rotate": [
            0.0,
            -0.0,
            0.00864
          ]
        },
        "20": {
          "translate": [
            -0.0,
            0.045,
            0.219
          ],
          "rotate": [
            0.0,
            -0.0,
            0.00864
          ]
        }
      }
    }
  ]
}